article_name,journalist,publisher,date,article
"""더 빠질 줄 알고 팔았는데""... 세계 꼴찌 코스닥의 '2위 반전'",,조선일보,2025.02.09,"주식시장에는 ‘피를 머금은 꽃이 붉게 핀다’는 말이 있다. 주식시장이 크게 하락한 후에 오히려 좋은 투자 기회가 찾아올 수 있음을 의미한다. 어쩌면 2025년이 이런 오랜 속설을 증명하는 한 해가 될지도 모른다. 지난해 21.7% 하락하며 ‘전 세계 꼴찌 수익률’이라는 불명예를 안았던 코스닥 시장이 올해 들어 뚜렷한 상승세를 보이고 있다. 9일 인베스팅닷컴에 따르면, 한국 코스닥은 올해 8일까지 9.5% 상승해 전 세계 주요 43개 지수 중 2위를 차지했다. 1위는 폴란드(WIG20, 13.5%)였고 3위는 독일(DAX, 9.4%)이었다. 코스피는 올해 5.1% 올라 16위였고, 미국 나스닥지수는 1.1% 상승에 그쳤다. ✅로봇과 유리기판 테마가 반등 주도 지난해 코스닥은 ‘헬스닥(hell+코스닥)’이라는 별명이 붙을 정도로 쑥대밭이었다. 그런데 올해 코스닥은 180도 달라진 모습이다. 로봇과 반도체 유리기판 등 미래 시장 확대가 기대되는 성장주들이 반등세를 이끌고 있다. 9일 한국거래소에 따르면, 코스닥 시장에서 올해 주가가 가장 많이 오른 종목은 로봇용 액추에이터(근육 관절 장치)를 생산하는 하이젠알앤엠(210%)이다. 그다음은 레인보우로보틱스(191%), 필옵틱스(142%), 에스피시스템스(140%), 클로봇(130%) 순이다. 코스닥 상승률 상위 5개 종목 중 필옵틱스를 제외한 4개가 전부 로봇 관련주다. 황산해 LS증권 연구원은 “삼성전자의 레인보우로보틱스 자회사 편입을 계기로 로봇주에 관심이 집중되고 있다”면서 “로봇 테마는 2차전지와 달리 찬반 논쟁이 덜한 영역이기에 정부 지원이나 국가 간 경쟁 등을 소재로 당분간 주도 테마일 것”이라고 말했다. 필옵틱스는 유리기판 관련주로 주목받으며 주가가 급등했다. 지난 7일엔 4만4400원에 마감하면서 2017년 상장 이후 역대 최고가를 찍었다. 시가총액도 1조원을 돌파했다. 유리기판은 인공지능(AI) 칩과 같은 고성능 반도체에 사용되는 핵심 부품이다. 김주형 그로쓰리서치 연구원은 “고성능 AI 반도체 수요가 증가하면서 반도체 패키징 기술의 혁신이 요구되고 있다”면서 “유리기판은 기존 수지 계열 기판의 한계를 극복할 대안으로 주목받고 있다”고 말했다. 유리기판이 열과 휘어짐에 내구성이 높아서 반도체 패키징 성능을 향상시킬 수 있는 차세대 기술로 평가된다는 것이다. ✅조금씩 회복하는 코스닥 거래 대금 “미국 주식 하려고 작년 말에 오래 보유하던 코스닥 종목들 전부 손절했는데, (팔고 나니) 계속 오르네요.”(40대 회사원 이모씨) 올해 코스닥 시장 상승세는 개미 군단의 스마트 머니가 주도하고 있다. 장세 변화에 따라 빠른 속도로 움직이며 고수익을 노리는 자금이다. 9일 한국거래소에 따르면, 올해 들어 개인은 2675억원 규모의 순매수를 기록했다. 반면 기관 투자자는 1855억원어치 순매도했고, 외국인은 소폭 순매수(300억원)에 그쳤다. 시장 눈높이가 낮아져 있던 만큼 악재보다는 호재에 더 민감하게 반응하고 있다. 지난해 주가 하락이 과도했다는 인식이 퍼진 가운데 저가 매수세가 유입되면서 거래도 활발해지고 있다. 한국거래소에 따르면 2월 들어 코스닥 시장의 하루 평균 거래 대금은 8조4801억원을 기록했다. 이는 지난해 12월(6조5438억원)과 올해 1월(6조9389억원)에 비해 20% 증가한 수준이다. 증권업계 관계자는 “연초에는 주로 미래 성장성이 높은 산업을 중심으로 코스닥이 강세를 보인다”면서 “코스닥은 개인 투자자 비율이 높아 기업 실적보다는 매수·매도 수급에 더 민감한데, 지난해 주가 하락으로 신용 물량이 소진되면서 반등의 힘을 받고 있다”고 설명했다. ❤️최신 재테크 흐름을 소개하는 조선일보 왕개미연구소가 작년 말 소개한 ‘코스닥 홀짝공식’ 기사도 같이 읽어보세요~ 조선닷컴에서 여기(지수 30% 빠졌던 이듬해는...” 코스닥의 ‘홀짝 공식’ 아시나요)를 클릭하세요."
"""최저보수"" ""국내 최초"" 못 한다… 금감원, ETF 과장 광고에 시정조치",백윤미 기자(조선비즈),조선일보,2025.02.09,"금융당국이 금융투자업계의 상장지수펀드(ETF) 허위·과장 광고에 시정조치를 했다. 금융감독원은 금융투자협회와 함께 10개 자산운용사의 252개 ETF 광고(커버드콜 ETF 160개 포함)를 점검한 결과 부적절한 광고물들에 수정·삭제 등의 시정조치를 했다고 9일 밝혔다. 일부 ETF 광고에서는 수익률이 높았던 기간의 수익률이나 예상·목표 수익률 등 실현되지 않은 수익률을 강조한 사례들이 발견됐다. 정기적으로 분배금을 지급하는 ETF 광고에서는 “1억원을 투자하면 1년 뒤 1천80만원을 받는다”는 문구 등으로 손실 위험이 거의 없는 상품인 것처럼 오인하게 한 사례도 발견됐다. “국내 최저보수 리츠 ETF”, “국내 최초로 출시한 인도 ETF” 등 최초·최저 등 과장 문구도 금감원의 지적 사항에 올랐다. 기준일, 비교범위 등에 따라 최저·최초 등 최상급 문구의 진위가 달라질 수 있다는 게 금감원 설명이다. 금감원은 “투자성 상품 광고 현황 모니터링, 허위·과장 광고물 점검을 정기적으로 할 예정”이라며 “소비자 피해 우려 시 소비자경보 발령 등으로 유의 사항을 안내하겠다”고 했다."
[단독] 티웨이항공 경영권 분쟁 키는 국민연금·외국인이 쥐었다… 3.6% 보유,노자운 기자(조선비즈),조선일보,2025.02.09,"이 기사는 2025년 2월 9일 13시 38분 조선비즈 머니무브(MM) 사이트에 표출됐습니다. 티웨이항공 경영권 분쟁이 본격화한 가운데, ‘큰손’ 국민연금과 외국인 투자자들이 지분 3.6%를 보유 중인 것으로 확인됐다. 최대주주 예림당 측과 2대주주 대명소노그룹의 지분율 차이와 비슷한 수준이다. 양측은 국민연금 수탁자책임위원회와 의결권 자문사의 선택에 촉각을 곤두세우며 이들의 마음을 움직이는 데 심혈을 기울일 것으로 보인다. 9일 투자은행(IB) 업계에 따르면, 정기 주주총회를 위한 주주명부 확정일(작년 12월 31일) 기준으로 국민연금과 외국인은 티웨이항공 지분을 각각 1.39%, 2.19%씩 보유했다. 1대주주 예림당·티웨이홀딩스 측 지분율은 30.05%이며 소노인터내셔널·대명소노시즌은 26.77%를 갖고 있다. 우리사주조합은 2.48%를, 개인 투자자들이 나머지 37%가량을 보유한 것으로 확인됐다. 이번 경영권 분쟁은 이른바 ‘돈 싸움’ 없이, 정기 주주총회에서의 표 대결로 이뤄진다. 대명소노 측은 정기주총에 이사 9명의 선임 의안을 상정해달라는 가처분, 주주명부 열람 및 등사 가처분을 신청한 상태다. 두 건 모두 받아들여질 가능성이 높은 건이어서, 현 상황에서 양측이 할 수 있는 일은 한 표라도 더 끌어오기 위해 주주들의 표심에 호소하는 것뿐이다. 때문에 수탁자책임위원회, 의결권자문사가 어떤 선택을 하는지도 중요하다. 국민연금은 주목도 높은 경영권 분쟁 건에 대해서는 보통 수탁자책임전문위원회(수책위)에서 의결권 행사 방향을 결정한다. 수책위는 국내외 의결권 자문사들의 보고서를 참고하기도 하는데, 올해 정식으로 용역 계약을 체결한 곳은 한국ESG기준원(옛 한국기업지배구조원)·한국ESG연구소(옛 대신경제연구소)로 알려졌다. 외국인 투자자들은 글로벌 의결권 자문사에 대한 의존도가 높다. 대표적으로 ISS와 글래스루이스가 있다. IB 업계 관계자는 “티웨이항공의 경우 외국인 지분율이 높지는 않지만, 주목도 높은 경영권 분쟁 건이기 때문에 의견을 낼 것으로 보인다”고 말했다. 한편 우리사주의 경우 최근 주가가 대폭 오른 만큼 일부는 이탈했을 가능성이 제기된다. 티웨이항공 주가는 경영권 분쟁이 본격화하면서 급등했다. 지난달 31일 장중 한때는 4500원까지 올랐는데 이는 작년 12월 30일 장중 최저가(2330원)의 2배에 달하는 수준이다. 다만 그래도 지난해 말 기준으로 보유한 주식이기 때문에 의결권은 살아 있다. 우리사주는 일반적으로 사측의 우호 지분으로 인식되는데, 티웨이항공 우리사주조합의 의견은 외부에 알려진 바는 없다."
"금감원, 영문공시 콘텐츠 확대… 데이터 플랫폼 오픈",백윤미 기자(조선비즈),조선일보,2025.02.09,"금융감독원은 외국인 투자자들의 공시 정보 접근성을 높이기 위해 영문 전자공시시스템(DART) 콘텐츠를 확대하고, 영문 개방형 데이터 플랫폼을 오는 10일 오픈한다고 9일 밝혔다. 영문 DART는 법정 공시 주요 항목을 영문으로 실시간 확인할 수 있도록 개선됐다. 지난 2023년 7월 영문 공시 서비스 개선 이후 사업보고서 등 법정공시는 제출 즉시 공시 발생 사실을 영문으로 확인할 수 있었다. 그러나 본문 전체가 국문으로 공시돼있어서 한국어를 모르는 외국인이 이해하려면 인공지능(AI) 번역기 등을 사용해야 했다. 이에 금감원은 사업보고서 등 모든 법정공시의 목차 및 표 서식, 선택형 입력값(등기임원 종류, 상근여부, 주식 종류 등) 등 정형화된 내용을 영문으로 확인할 수 있도록 개선했다. 또 영문 DART에서는 그동안 회사명으로만 검색할 수 있었으나 국문 DART처럼 보고서명으로도 검색을 할 수 있도록 보강했다. 금감원은 이와 함께 83종의 영문공시 정보를 데이터 형태로 제공하는 영문 개방형 데이터 플랫폼을 신규로 구축했다. 외국인 투자자가 공시 원문을 실시간으로 내려받을 수 있도록 데이터 전송 인터페이스(API)를 제공하고, 상장사 전체 국제표준 전산언어(XBRL) 주석을 빅데이터로 제공하는 서비스를 신설했다. 금감원은 “이번 개선으로 인해 영문 DART 이용이 더욱 활성화될 것”이라며 “여타 비영어권 국가와 달리 모든 서비스를 무료로 제공하고, 정보 제공 범위가 확대돼 코리아 디스카운트가 해소될 것으로 기대된다”고 했다."
"MG손보 매각 안갯속… 예보, 노조에 가처분 신청 검토",백윤미 기자(조선비즈),조선일보,2025.02.09,"MG손해보험 매각이 노조의 반발 때문에 3년 가까이 돌파구를 찾지 못하고 있는 가운데 예금보험공사가 노조에 업무방해금지 가처분 신청 등 법적 조처에 나설 것으로 보인다. 9일 금융권에 따르면 MG손보 노조와 경영진은 지난 7일 실사 진행 여부와 관련해 약 2시간 동안 협상을 진행했지만 결국 합의에 이르지 못했다. 이 자리에서 노조는 ‘실사 반대’라는 기존 입장을 바꾸지 않고 고수한 것으로 전해졌다. 노조는 예보와 메리츠화재의 실사 자료 요청에 대해서는 “검토해서 보낼지 말지를 결정하겠다”고 대응한 것으로 알려졌다. 노조가 입장을 굽히지 않으면서 실사는 또 다시 무산됐다. 계속되는 노조의 반대에 예보는 이르면 이번 주 초 실사 무산 관련 업무방해 금지 가처분 신청을 검토할 수 있다는 방침이다. 예보 관계자는 “실사 무산 관련 업무방해 금지 가처분을 내는 것을 준비 중”이라고 말했다. 당초 메리츠화재는 MG손보 노조가 입장을 선회할 가능성이 있다고 보고 실사에 들어갈 채비를 하고 있었다. 하지만 MG손보 노조는 우선협상 대상자 선정 이후 줄곧 메리츠화재 직원의 사무실 출입 자체를 막아온 것으로 전해졌다. 다음 협상 일정은 아직 정해지지 않았다. 노조의 계속되는 반대로 실사가 무기한 연기되면서 메리츠화재의 인수가 무산되는 것 아니냐는 지적이 나오고 있다. 앞서 예보는 MG손보가 2022년 부실금융기관으로 지정된 이후 세 차례에 걸쳐 공개 매각을 시도했지만 모두 실패했다. 작년에 메리츠화재가 우선협상 대상자로 선정돼 실사에 나섰지만 MG손보 노조가 반대하면서 실사가 중단됐다. MG손보 노조가 실사에 반대하는 이유는 메리츠화재를 ‘위험한 인수자’로 보기 때문이다. 노조는 메리츠화재의 공격적인 사업 확장 방식, 대규모 구조조정 이력을 고려하면 메리츠화재를 신뢰하기 어렵다는 입장이다. 노조는 매각 방식에도 문제를 제기하고 있다. 고용승계 의무가 없고 우량자산만 가져갈 수 있는 자산부채이전(P&A) 방식으로 매각이 진행된다는 점이 MG손보에 불리하다는 것이다. 자산과 부채를 모두 인수하는 인수합병(M&A) 방식을 취해야 한다는 것이 노조의 주장이다. 예보는 매각이 무산될 경우 MG손보의 청산·파산을 고려할 수밖에 없다는 입장이다. 김병환 금융위원장도 “MG손보에 선택지가 별로 남아 있지 않다”고 말한 바 있다. 청산·파산이 실현된다면 MG손보 가입자 124만명의 피해가 불가피하다. 이들은 예금자보호법에 따라 최대 5000만원을 보상받지만, 보험계약은 해지해야 하는 처지에 놓이게 된다."
[MM] [단독] 티웨이항공 경영권 분쟁 키는 국민연금·외국인이 쥐었다… 3.6% 보유,노자운 기자(조선비즈),조선일보,2025.02.09,"티웨이항공 경영권 분쟁이 본격화한 가운데, ‘큰손’ 국민연금과 외국인 투자자들이 지분 3.6%를 보유 중인 것으로 확인됐다. 최대주주 예림당 측과 2대주주 대명소노그룹의 지분율 차이와 비슷한 수준이다. 양측은 국민연금 수탁자책임위원회와 의결권 자문사의 선택에 촉각을 곤두세우며 이들의 마음을 움직이는 데 심혈을 기울일 것으로 보인다. 9일 투자은행(IB) 업계에 따르면, 정기 주주총회를 위한 주주명부 확정일(작년 12월 31일) 기준으로 국민연금과 외국인은 티웨이항공 지분을 각각 1.39%, 2.19%씩 보유했다. 1대주주 예림당·티웨이홀딩스 측 지분율은 30.05%이며 소노인터내셔널·대명소노시즌은 26.77%를 갖고 있다. 우리사주조합은 2.48%를, 개인 투자자들이 나머지 37%가량을 보유한 것으로 확인됐다. 이번 경영권 분쟁은 이른바 ‘돈 싸움’ 없이, 정기 주주총회에서의 표 대결로 이뤄진다. 대명소노 측은 정기주총에 이사 9명의 선임 의안을 상정해달라는 가처분, 주주명부 열람 및 등사 가처분을 신청한 상태다. 두 건 모두 받아들여질 가능성이 높은 건이어서, 현 상황에서 양측이 할 수 있는 일은 한 표라도 더 끌어오기 위해 주주들의 표심에 호소하는 것뿐이다. 때문에 수탁자책임위원회, 의결권자문사가 어떤 선택을 하는지도 중요하다. 국민연금은 주목도 높은 경영권 분쟁 건에 대해서는 보통 수탁자책임전문위원회(수책위)에서 의결권 행사 방향을 결정한다. 수책위는 국내외 의결권 자문사들의 보고서를 참고하기도 하는데, 올해 정식으로 용역 계약을 체결한 곳은 한국ESG기준원(옛 한국기업지배구조원)·한국ESG연구소(옛 대신경제연구소)로 알려졌다. 외국인 투자자들은 글로벌 의결권 자문사에 대한 의존도가 높다. 대표적으로 ISS와 글래스루이스가 있다. IB 업계 관계자는 “티웨이항공의 경우 외국인 지분율이 높지는 않지만, 주목도 높은 경영권 분쟁 건이기 때문에 의견을 낼 것으로 보인다”고 말했다. 한편 우리사주의 경우 최근 주가가 대폭 오른 만큼 일부는 이탈했을 가능성이 제기된다. 티웨이항공 주가는 경영권 분쟁이 본격화하면서 급등했다. 지난달 31일 장중 한때는 4500원까지 올랐는데 이는 작년 12월 30일 장중 최저가(2330원)의 2배에 달하는 수준이다. 다만 그래도 지난해 말 기준으로 보유한 주식이기 때문에 의결권은 살아 있다. 우리사주는 일반적으로 사측의 우호 지분으로 인식되는데, 티웨이항공 우리사주조합의 의견은 외부에 알려진 바는 없다."
"금감원, 영문 공시 확대… ""코리아 디스카운트 해소 기대""",문수빈 기자(조선비즈),조선일보,2025.02.09,"금융감독원이 외국인 투자자의 공시 접근성 제고를 위해 영문 공시 오픈 사이트를 열었다. 9일 금감원은 공시 정보와 사업보고서, 주요사항보고서, 지분공시, 증권신고서 등 83종의 영문 공시 데이터를 제공하는 ‘영문 개방형 데이터 플랫폼’을 개방했다. 이는 2023년 1월 정부가 발표한 외국인 투자자의 자본시장 접근성 강화를 위한 영문공시 단계적 확대 방안에 따른 것이다. 이 플랫폼으로 외국인 투자자는 공시 원문을 실시간으로 다운로드 받을 수 있다. 또 웹브라우저를 통해 원하는 정보를 선택하고 엑셀로 받을 수도 있다. 상장사 전체 국제표준 전산언어(XBRL) 주석을 빅데이터로 제공하는 서비스도 신설됐다. 금감원은 영문 다트 시스템도 개선했다. 앞으로 사업보고서 등 모든 법정공시의 목차와 표, 서식, 선택형 입력값 등 정형화된 내용이 영문으로 제공된다. 이에 따라 금감원은 인공지능(AI) 번역기 의존도가 낮아질 것으로 기대하고 있다. 영문 다트 공시 검색 강화 등 영문 공시의 검색 편의성을 제고하고 영문 조회 기능도 최적화했다. 기존 영문 다트에선 회사명만으로 검색해야 했는데, 이번 개선으로 국문 다트와 동일하게 보고서명만으로 검색이 가능하다. 영문 보고서명을 정확히 모르더라도 제시되는 보고서명을 선택할 수 있도록 빠른 선택 기능이 탑재됐다. 영문 다트엔 지분, 채무, 파생결합증권 관련 공모정보 항목이 별도로 마련됐다. 현재 청약 중이거나 청약 예정인 신고서에 대해 발행회사와 청약일 정보가 함께 제공되는 ‘공모 게시판’ 영문 항목도 추가됐다. 월별 청약현황을 일목요연하게 볼 수 있도록 ‘청약 달력’이 영문화됐고 발행실적보고서의 기재 내용을 활용한 주식과 채권 관련 ‘모집, 매출 실적’ 등도 영문화됐다. 금감원은 “영문 공시 정보 제공 범위가 더 넓어졌다는 점에서 코리아 디스카운트의 해소를 기대한다”며 “하반기 중으로 영문 다트 전용 인프라를 구성하겠다”고 밝혔다."
"'최저·최고' ETF 과장 광고 판치자… 금감원, 자산운용사에 삭제 조치",문수빈 기자(조선비즈),조선일보,2025.02.09,"자산운용사들이 자사의 상장지수펀드(ETF)를 홍보하면서 과도한 표현을 남발하자, 금융감독원이 시정 조치했다. 9일 금감원은 10개 자산운용사의 252개 ETF의 광고를 점검한 결과, 일부 광고에서 수익률이 좋았던 기간의 수익률과 아직 실현되지 않은 목표 수익률을 강조한 회사가 적발됐다. 금감원은 부적절한 광고물을 게재한 자산운용사에 수정 또는 삭제를 조치했다. 유사 사례를 막기 위해 지난해 12월 자산운용사 대상 간담회를 개최해 광고 관련 내부통제 강화를 지도하기도 했다. 금감원은 투자자에게 광고상 제시하는 수익률은 특정 시점이나 목표 수익률일 수 있다고 경고했다. 투자를 유도하기 위해 자산운용사가 좋은 수치만 보여주고 있다는 뜻에서다. 실제 A자산운용사는 나스닥100 커버드콜 ETF를 홍보하면서 ‘매월 1.25% 수준 계획적인 현금 흐름’이라는 문구를 게재했다. 금감원은 “제시된 수익률의 의미를 제대로 살펴야 한다”며 “최소 1년 이상의 수익률과 상품의 위험성을 함께 고려해 투자를 결정해야 한다”고 조언했다. 금감원은 ETF는 손실 가능성이 있는 투자 상품이라고도 강조했다. 정기적으로 분배금을 지급하는 월 배당 ETF여도 기초자산인 주식이나 채권의 가격이 떨어질 수 있다. 또 자산운용사가 ETF의 순자산을 빼 분배금의 재원으로 삼을 수도 있다. ‘최저’, ‘최초’ 등의 문구에도 현혹돼선 안 된다고 했다. 금감원은 “기준일과 비교 범위에 따라 최상급 문구의 진위가 달라질 수 있다”며 “수익률뿐만 아니라 광고에 안내된 수수료도 확인해야 한다”고 했다. 금감원은 간담회를 통해 자산운용사의 광고 관련 내부통제 강화를 지속적으로 지도하고 과장 광고물에 대한 점검을 정기적으로 실시할 방침이다."
"'연 9%대' 청년도약계좌 신청, 올해 들어 5배 이상 급증",백윤미 기자(조선비즈),조선일보,2025.02.09,"예·적금 금리가 빠르게 떨어지는 가운데 ‘연 9%대 적금 효과’를 내세운 청년도약계좌로 신청이 급증하고 있다. 9일 금융권과 금융당국에 따르면 지난달 청년도약계좌 신규 신청자는 17만명으로 집계됐다. 지난달 가입 신청 기간이 7일뿐임을 감안하면 하루 평균 신청 인원은 약 2만4300명에 달한다. 이는 전달 일평균 신청자인 4400명(총 신청 인원 5만7000명, 신청 기간 13일) 대비 5배 이상 급증한 수치다. 이달에도 청년도약계좌 가입 신청은 급증세를 이어가고 있다. 이달 청년도약계좌 가입 기간은 지난 3일부터 오는 14일까지로, 지난 6일 기준 총 11만6000명이 가입 신청을 했다. 나흘간 일평균 신청 인원은 2만9000명으로 3만명에 육박한다. 이런 흐름 속에 청년도약계좌 총 가입자는 166만명까지 불어났는데, 가입 가능한 청년 추산 인구(600만명)의 28%에 달한다. 청년도약계좌는 5년간 매월 70만원 내에서 자유롭게 납입하면 은행 이자에 정부 기여금까지 최대 5000만원 목돈을 쥘 수 있도록 설계된 정책금융 상품이다. 작년 일평균 가입 신청자가 수천명 수준에 그치며 인기가 시들시들했지만, 최근 금리 인하로 예·적금 금리가 내려가면서 상대적인 매력도가 커진 것으로 풀이된다. 특히 올해 1월 납입분부터는 정부 기여금을 확대 지급하면서 수익 효과가 기존 연 최대 8.87%에서 9.54%까지 늘어났다. 금융권 관계자는 “주식시장 평균 수익률, 금리 하락, 환율 상승 등 금융시장 상황을 고려할 때 리스크가 없으면서도 이 정도의 수익률은 청년도약계좌가 사실상 거의 유일하다”고 분석했다. 한국은행에 따르면 예금은행 정기적금 금리(신규취급액 기준)는 작년 12월 연 3.2%대에 그쳤다. 시중은행 예금금리는 연 2%대에 진입한 지 오래인 데다가 상대적으로 높은 금리를 쳐주던 저축은행과 인터넷전문은행까지 최근 ‘연 3%’ 아래로 속속 내려오고 있다. 정부도 청년들의 가입을 독려하기 위해 다양한 ‘당근’을 제시하고 있다. 금융위원회는 청년도약계좌의 긴 만기 부담을 덜기 위해 혼인·출산 등을 포함한 특별중도해지를 폭넓게 인정하고 있으며, 3년 이상 유지 시 해지해도 연 최대 7% 후반대의 수익효과를 보장한다. 부분인출 서비스, 신용점수 가점, 청년주택드림청약통장과의 연계 강화 등도 정부가 내놓은 대표 유인책들이다."
大魚 없는 이번주…공모주 투심 향방은,노자운 기자(조선비즈),조선일보,2025.02.09,"이번주(2월 10~14일) 기업공개(IPO) 시장에는 ‘대어(大魚)’로 분류할 만한 공모주 청약 건이 없다. 모티브링크, 엘케이켐, 위너스 3개사가 청약에 나서는데 모두 공모 금액이 100억원대에 그치는 코스닥 새내기 기업들이다. 대어의 부재는 기관 수요예측 시장에서도 마찬가지다. 더즌, 심플랫폼 등 5개사가 이번주 수요예측을 시작한다. 9일 금융투자업계에 따르면, 모티브링크는 오는 11~12일 이틀 간 일반 투자자들을 대상으로 공모 청약을 받는다. 모티브링크는 1997년 변압기 전문업체로 출범, 이후 자동차 부품 공급사로 변신했다. 현재는 전장부품용 변압기를 판매한다. 전기차 캐즘 현상으로 인해 작년 3분기 실적이 다소 악화했다. 모티브링크의 희망 공모가 범위(밴드)는 5100∼6000원이며, 이에 따른 총 공모 금액은 154억~181억원 수준이다. 회사는 지난달 31일부터 이달 6일까지 기관 수요예측을 실시했으며, 10일 공모가를 확정 짓고 다음날부터 공모 청약을 시작한다. 대표 주관사는 미래에셋증권이다. 반도체 소재 기업 엘케이켐은 지난 4일부터 수요예측을 진행 중이다. 10일 수요예측을 마치고 오는 13~14일 이틀 간 공모 청약을 실시할 예정이다. 엘케이켐은 반도체 산업에서 ‘원자층 증착 공정(ALD)’에 쓰이는 소재를 만든다. ALD는 웨이퍼 위에 원자층 단위로 균일한 박막을 형성하는 작업으로, 초미세 반도체 공정에 반드시 필요하다. 공모가 밴드는 1만8000∼2만1000원이며 공모 금액은 180억∼210억원 수준이다. 대표 주관사는 신영증권이다. 위너스 역시 엘케이켐과 마찬가지로 4~10일 기관 수요예측을 실시하고 13~14일 공모 청약을 받는다. 2004년 설립된 이 회사는 스위치, 콘센트, 차단기 등 배선 기구를 공급하는 업체다. 자동 소화 기능 및 트래킹 화재 방지용 멀티탭 등을 개발했다. 최근에는 전기차 충전기 시장에도 진출해 공급처를 늘려나가고 있다. 공모가 밴드는 7500~8500원이다. 대표 주관사는 미래에셋증권이다. 이번주 기관 수요예측을 시작하는 기업은 더즌, 심플랫폼, 티엑스알로보틱스, 대진첨단소재, 엠디바이스 등 5개사다. 엠디바이스를 제외한 4개 기업이 모두 11~17일 수요예측을 진행한다. 더즌은 디지털 뱅킹 솔루션을 만드는 업체로 카카오페이의 협력사다. 공모가 밴드는 1만500~1만2500원이며 대표 주관사는 한국투자증권이다. 심플랫폼은 인공지능(AI)과 사물인터넷 기술을 융합해 산업 현장에서 발생하는 다양한 데이터를 수집·관리하는 업체다. 공모가 밴드는 1만3000~1만5000원이며 대표 주관사는 KB증권이다. 티엑스알로보틱스는 물류 자동화 기업 태성과 로봇 기업 로탈이 합병해 만들어진 회사다. 로봇·물류자동화 사업을 영위하고 있다. 공모가 밴드는 1만1500~1만3500원이며 대표 주관사는 NH투자증권이다. 대진첨단소재는 2차전지 공정용 소재를 만드는 업체다. 2차전지를 생산할 때 이물질이나 정전기를 관리해주는 활성화 공정용 트레이, 대전 방지 코팅액이 주력 상품이다. 공모가 밴드는 1만900~1만3000원이며 대표 주관사는 미래에셋증권이다. 엠디바이스는 오는 12~18일 기관 수요예측을 실시한다. 공모가 밴드는 7200~8350원이다. 2009년 설립된 엠디바이스는 반도체 기반 스토리지 시스템을 설계 및 제작하는 기업이다."
"밈코인 상장 더 엄격하게… 금감원, 거래소와 모범사례 개정 TF 구성",백윤미 기자(조선비즈),조선일보,2025.02.09,"최근 ‘오피셜 트럼프’ 등 밈코인 상장 논란이 지속되고, 상장 직후 가격이 급등락하는 사태가 이어지면서 금융당국이 가상자산거래소들과 신규 코인 상장 심사 기준을 보완하기로 했다. 9일 가상자산업계에 따르면 금융감독원은 가상자산거래소, 디지털자산거래소 공동협의체(DAXA) 등과 함께 ‘가상자산 거래지원(상장) 모범사례 개정 TF’를 구성하고 지난 7일 첫 회의를 했다. 업계 관계자는 “가상자산 거래지원 모범사례의 그간 운영을 점검하고, 최근 밈코인 부상과 ‘상장 빔(신규 가상자산 상장 이후 가격 급등)’ 등 이슈에 대응해 모범사례를 보완, 개정하기 위한 회의가 열렸다”고 설명했다. TF는 앞으로 1∼2주마다 정기적인 회의를 열고 업계 의견을 반영해 관련 기준을 구체적으로 개선할 예정이다. 이 관계자는 “밈 코인 상장과 상장 유지가 까다로워지고, 상장 시 유동성을 어느 정도 확보해야 한다는 기준 등이 추가될 것으로 예상된다”고 말했다. 앞서 금융당국과 거래소들은 작년 7월 가상자산이용자보호법 시행에 맞춰 가상자산의 거래지원 심사와 종료, 심사 절차, 정보 공개 등의 내용을 담은 ‘가상자산 거래지원 모범사례’를 발표해 시행하고 있다. 이에 따라 신규 가상자산을 거래 지원하기 위해서는 발행 주체의 신뢰성, 이용자 보호 장치, 기술·보안, 법규 준수 등 조건을 충족해야 한다. 그러나 가상자산거래소들은 최근 도널드 트럼프 미국 대통령 측이 발행한 ‘오피셜 트럼프’ 등 특별한 사용처가 없는 밈코인을 졸속 상장해 투자자 보호를 외면하고 있다는 비판을 받았다. 가상자산 상장 직후 가격이 급등락하는 상장 빔도 문제다. 작년 상장 직후 가격이 급등락했던 ‘무브먼트’ 코인이 대표적인 사례였다. 무브먼트는 지난 12월 9일 오후 8시 코인원에 기준가 215.3원에 상장돼 오후 8시 41분 99만8500원까지 상승해 4만6000배 급등했다. 바로 16분 뒤에는 5400원대로 급락했다. 상장 초기 충분한 물량을 확보하지 않고 무리하게 상장해 소규모 거래만으로 가격 급등락이 발생한 것이다. 금감원은 이와 관련 거래소들의 재발 방지를 지도해왔다. 앞서 무브먼트 상장 당시 코인원이 상장을 강행한 배경을 확인하고, 업계에 동일한 사태가 반복되지 않도록 유의해달라고 요청했다. 최근 오피셜 트럼프 상장과 관련해서도 거래소들에 상장 심사를 신중하게 해야 한다는 우려를 전달했다. 금융당국 관계자는 “모범사례가 운영된 지 6개월이 된 만큼 그 과정에서 제기된 여러 문제를 개선할 수 있게끔 방안을 모색하겠다”고 말했다."
"신한금융, '취약계층 겨울철 의식주 지원' 봉사활동 실시",백윤미 기자(조선비즈),조선일보,2025.02.09,"신한금융그룹이 지난 8일 서울 영등포구에서 그룹 임직원 참여 사회공헌 캠페인인 ‘솔선수범 릴레이’의 네 번째 사업 ‘취약계층 겨울철 의식주 지원’을 위한 주말 봉사활동을 실시했다고 9일 밝혔다. 신한금융그룹은 8일 오전 서울 영등포구에서 그룹 임직원 참여 사회공헌 캠페인인 ‘솔선수범 릴레이’의 네 번째 사업인 ‘취약계층 겨울철 의식주 지원’을 위한 주말 봉사활동을 실시했다. 사진은 이날 봉사활동에 참석한 진옥동 신한금융 회장(앞줄 왼쪽에서 다섯번째)과 임직원들이 기념촬영을 하는 모습.(사진=신한금융그룹) 솔선수범 릴레이 캠페인은 지난 2023년 말 ‘사랑의 연탄 나눔’으로 시작해 지난해 2월 ‘저출산 문제해결을 위한 취약계층 지원’, 7월 ‘방학 중 결식 우려 아동 위한 식사 및 여가활동 지원’으로 이어졌다.이번 봉사활동에는 진옥동 신한금융 회장과 임직원 20여명이 참석했으며, 영등포 쪽방촌을 방문해 혹독한 한파를 겪고 있는 주민들에게 새 이불을 전달했다. 기존 이불들은 수거해 세탁 후 재전달할 예정이다. 아울러 신한금융은 난방비 감당이 어려운 주민들을 위해 방한용 도배 및 장판 설치 등 주거환경 개선을 위한 봉사활동을 진행했다. 또 세탁기와 건조기 각 3대씩을 영등포 쪽방촌 주민들을 위해 기부했다. 진옥동 신한금융 회장은 “유난히 추운 요즘 날씨 때문에 오늘 봉사활동이 주민들을 위해 더욱 절실히 필요했다는 생각이 든다”며 “신한금융은 앞으로도 우리 주변에 세심한 관심을 두고 적극적인 나눔을 실천하기 위해 더욱 솔선수범해 나갈 것”이라고 말했다. 신한금융 임직원들은 이번 네 번째 사업을 위해 모금한 약 9000만원의 성금과 그룹 기부금을 합친 총 2억원을 취약계층을 위한 다양한 지원에 활용한다. 먼저 2~3월 중 500여명의 임직원들이 서울역 쪽방촌 온기창고 물품정리, 취약계층 주민들을 위한 각종 식료품 및 생필품 키트 제작 배달 등에 나설 계획이다."
"외국인, 연초부터 국채 선물 8.7조 쓸어담았다… ""기준금리 인하 기대""",노자운 기자(조선비즈),조선일보,2025.02.09,"외국인 투자자들이 연초부터 한국 국채 선물을 대량 매수 중이다. 한국은행이 경제 성장 둔화를 극복하기 위해 기준금리를 내릴 것으로 보는 시각이 늘고 있기 때문으로 해석된다. 9일 금융투자업계에 따르면, 올해 들어 이달 7일까지 외국인 투자자는 3년 만기 국채 선물을 7조8039억원 순매수한 것으로 집계됐다. 7만2990건의 계약이 체결됐다. 10년 만기 국채 선물도 8997억원(7384계약) 매수 우위였다. 3년물과 10년물을 총 8조7000억원 이상 순매수한 것이다. 이는 작년 12월 한 달 간 외국인이 각각 8조2539억원(7만8348계약), 7조6455억원(6만5484계약) 순매도한 것과 대조된다. 특히 이달 3일 외국인은 3년 국채 선물을 2만1069계약 순매수했는데, 이는 작년 11월 21일(2만1402계약 순매수) 이후 최대 규모다. 외국인이 올 들어 국채 선물을 쓸어담고 있는 것은 한국은행의 기준금리 인하에 대한 기대 때문으로 풀이된다. 시장에서는 한국은행이 2월을 시작으로 연내 세 차례 정도 기준금리를 내릴 것으로 보고 있다. 연 3.00%인 현 수준에서 최종적으로 2.25%까지 인하할 가능성이 크다는 게 시장 참여자들의 관측이다. 이에 지난달 16일 금통위에서 기준금리가 동결된 후, 외국인의 국채 선물 매수세가 강해졌다. 일각에서는 이창용 한국은행 총재가 지난 6일에 한 발언이 ‘매파적’으로 해석되는 만큼 신중하게 접근해야 한다는 의견도 나온다. 이 총재는 이날 블룸버그TV와 진행한 인터뷰에서 “한은이 현재 금리 인하기에 있지만, 이번(2월 25일) 금융통화위원회 회의에서 인하가 불가피한 것은 아니다”라고 말했다. 아울러 지난달 도널드 트럼프 미국 대통령의 취임으로 관세 압박에 대한 우려가 커지면서 한국 경제 성장 둔화 전망이 힘을 얻고 있는 것도 외국인의 국채 선물 매수 유인으로 해석된다."
"을지로엔 매물 넘치는데, 강남은 없어서 못판다?… 오피스 매각도 양극화",정민하 기자(조선비즈),조선일보,2025.02.09,"이 기사는 2025년 2월 6일 14시 31분 조선비즈 머니무브(MM) 사이트에 표출됐습니다. 서울 상업용 오피스 시장에서 거래 양극화가 심화하고 있다. 서울 종로·광화문 일대 도심권역(CBD) 대형 매물은 계속 쌓이는 추세인 반면, 강남권역(GBD) 매물엔 투자자들의 발길이 이어지고 있다. 6일 투자은행(IB) 업계에 따르면 최근 GBD 빌딩 매각 작업 속도가 빨라지고 있다. 대표적으로 올해 첫 상업용 오피스 입찰이었던 엔씨소프트의 옛 서울 사옥인 ‘엔씨타워1′이 있다. 엔씨소프트는 지난달 엔씨타워1 매각 입찰을 진행했는데, 원매자 8곳이 도전장을 내밀며 흥행에 성공했다. 엔씨소프트는 지난달 말 이 중 3곳을 인수 적격 후보(숏리스트)로 선정했다. 이후 다시 인터뷰를 진행해 퍼시픽자산운용·과학기술인공제회 컨소시엄을 우선협상대상자로 결정했다. 이들 컨소시엄은 3.3㎡당 4000만원 중후반대 가격을 제안한 것으로 알려졌다. 경쟁이 치열했던 만큼 이번 인수가 최종적으로 이뤄지면 역대 GBD 오피스 빌딩 최고 거래가를 경신할 것으로 보인다. IB업계 관계자는 “서울 강남구 삼성동 테헤란로 대로변에 있어서 새로운 사옥을 구하는 기업들의 수요가 높고, 안정적인 임대 수익을 올릴 수 있다는 기대감 덕분”이라면서 “무엇보다 주변 빌딩 가격을 고려했을 때 자금 마련의 부담이 크지 않은 3000억~5000억원대 매물이라 인기가 많을 것으로 이미 예상됐었다”고 했다. 역시 테헤란로에 있는 ‘강남N타워’도 매입 경쟁이 치열할 것으로 전망됐다. KB부동산신탁은 오는 3월 입찰과 상반기 중 딜 클로징(거래 종료)을 목표로 하고 있다. GBD 내 1만5000평 이상 오피스 중 신축에 속하는데, 복수의 원매자가 투어에 참여하는 등 인기가 있다고 전해졌다. KB부동산신탁은 2018년 4680억원에 강남N타워를 인수한 뒤 6년 만에 시장에 매물로 내놨다. 이외에도 삼성동빌딩, BNK디지털타워, 삼성동 위워크빌딩 등도 입찰을 준비하거나 진행 중이다. 그러나 GBD와 함께 서울 주요 오피스 권역인 CBD는 분위기가 사뭇 다른 모습이다. 을지로 일대는 최근 대규모 개발이 이뤄지며 공급 물량이 빠르게 늘어나고 있는데, 팔리지 않는 매물 역시 증가하고 있다. 시장 자금이 마른 터라 5000억원대 이하 우량 중형 오피스가 선호되는 추세지만 이곳엔 대형 빌딩이 대다수이기 때문이다. 실제로 CBD에선 매도자와 원매자 간 눈높이 차이로 매각이 무산되는 사례가 잇따르고 있다. 싱가포르투자청(GIC)은 지난해 말 서울 중구 ‘트로피에셋(상징성 있는 자산)’으로 꼽히는 서울파이낸스센터(SFC) 입찰을 두 차례 진행했지만, 결국 매각을 철회했다. GIC는 3.3㎡당 4000만원의 몸값을 기대했지만 입찰 참여자들은 3300만원 수준을 써냈다. 서소문동 퍼시픽타워도 같은 이유로 매각을 접고 펀드 만기 연장을 추진하고 있다. 대신증권은 본사 사옥인 ‘대신343(옛 대신파이낸스센터)’ 매각이 잇달아 불발되자 결국 리츠(부동산위탁관리회사)에 담는 방향으로 선회했다. CBD 기존 매물 자체 매력도가 떨어진다는 지적도 있다. 앞으로 신축 오피스가 많이 공급될 예정이고, 을지로보다는 강남을 사옥으로 쓰려는 기업이 많은 탓이다. 일례로 엔씨타워1 우협에 선정된 과학기술인공제회만 해도 새 서울 사옥을 위해 CBD를 먼저 찾았었다. 2022년 종로타워 인수에 관심을 보였으며 최근엔 서울 을지로3가 제6지구 신축 오피스 선매입을 진행하다가 계획을 철회했다."
[주간증시전망] 다시 커진 '관세전쟁' 공포… 소프트웨어 업종은 살펴볼만,박지영 기자(조선비즈),조선일보,2025.02.09,"지난주(2월 3일~7일) 국내 주식시장은 소폭 상승했다. 도널드 트럼프 미국 대통령이 시작한 ‘관세 전쟁’ 공포에서 다소 벗어난 영향이다. 하지만 트럼프 대통령이 다시 관세 전쟁에 불씨를 붙였다. ‘상호 관세’ 부과를 예고한 것인데, 이에 따라 이번주 증시의 변동성이 커질 수 있다는 우려가 나온다. 트럼프 대통령이 동맹국인 캐나다와 멕시코에 관세를 부과하겠다고 나서자 설 연휴 직후 크게 출렁인 국내 증시는 2월 첫째 주, 안정을 되찾았다. 트럼프 대통령은 3일 저스틴 트뤼도 캐나다 총리, 클라우디아 셰인바움 멕시코 대통령과 통화한 뒤 관세 부과 시점을 한 달 미루는 내용의 협상안을 내놓았다. 관세 전쟁이 당장 현실화되지 않은 것이라는 기대와 샘 올트먼 오픈AI 최고경영자(CEO)의 방한이 국내 증시에 훈풍을 불어넣었다. 지난 4일부터 6일까지 코스피 지수는 1%대 상승을 이어갔고, 코스닥 지수도 1~2%대 올랐다. 7일 코스피 지수는 0.58% 하락한 2521.92로 이번 주 거래를 마무리했다. 코스닥 지수는 0.35% 오른 742.90포인트였다. 다만 외국인 투자자의 매도세는 이어졌다. 지난 주 외국인은 국내 주식 3132억원어치를 순매도했다. 국내 증시가 흔들린 지난 3일 하루 동안에만 9736억원어치를 순매도했다. 이후 3거래일은 연속 순매수했지만, 3일 하루 팔아치운 양을 만회하기엔 역부족이었다. 외국인이 가장 많이 순매도한 종목은 삼성전자(2736억원)였다. 이번 주에도 가장 주목해야 할 이슈는 관세 전쟁이다. 트럼프 대통령이 ‘상호 관세’를 언급하면서 불씨가 재점화됐기 때문이다. 트럼프 대통령은 10일이나 11일, 상호 관세에 대해 발표하겠다고 밝혔다. 미국과 중국 간 관세 전쟁이 어떤 양상으로 흐르는지 살펴봐야 한다. 트럼프 미국 대통령과 시진핑 중국 주석이 10일 이전에 협상에 나설 수 있을지가 관건이다. 앞서 중국은 미국의 관세 부과에 반격에 나섰다. 미국의 관세 정책에 반발하며 오는 10일부터 미국산 수입품 일부에 10~15%의 관세를 추가로 부과하겠다고 했다. 이경민 대신증권 연구원은 “중국이 미국과의 협상 시한을 열어둔 것이라는 평가가 중론”이라며 “추가 관세와 수출 통제 품목은 미국에 치명적이지 않은 수준”이라고 말했다. 관세 발효가 예정된 10일 이전에 미국과 중국이 협상에 이르면 세계 증시는 상승 탄력을 받을 수 있다. 반면 미중 간 협상이 불발될 경우 불확실성이 확대될 수 있다. 박석중 신한투자증권 연구원은 “(중국의) 비교적 온건한 수위의 보복 조치에 G2 간에 합의가 이뤄질 것이라는 기대가 우세하지만 캐나다, 멕시코와 달리 대중국 수입품은 소비재 비중이 작아 추가 관세가 부과될 가능성을 염두에 둬야 한다”며 “보복 관세가 가시화된다면 재차 변동성이 확대될 수 있다”고 봤다. 이번 주 미국의 경제지표에도 주목해야 한다. 우선 12일 밤(한국 시각)에는 미국 소비자물가지수(CPI)가 발표된다. 13일에는 미국 1월 생산자물가지수(PPI), 14일에는 미국 1월 소매판매 지표가 발표될 예정이다. 전문가들은 미국 물가 지표가 예상에 부합하거나 하회할 경우 미국 연방준비제도(연준·Fed) 통화정책에 대한 시장 신뢰가 높아질 것이라 내다보고 있다. 관세 전쟁이 격화되면 수출 관련 업종은 부진할 수밖에 없지만, 그래도 투자 기회는 있다. 전문가들은 소프트웨어 업종을 추천한다. 강진혁 신한투자증권 연구원은 “AI 하드웨어의 막대한 자본지출(CapEx)에 의구심이 생기며 소프트웨어의 활용으로 무게 중심이 이동하고 있다”며 “관세전쟁이 수출 주력 제품에는 부담으로 작용하지만 제품이 아닌 소프트웨어·엔터 업종에 대한 기대는 유효하다”고 설명했다. 최근 외국인 매수세도 소프트웨어·미디어·교육·엔터 업종 중심으로 이어지고 있다. 미국에서도 소프트웨어 업종이 주도권을 잡기 시작했다. 특히 데이터분석 소프트웨어 기업 팔란티어는 4분기 어닝 서프라이즈를 기록해 주가가 20% 넘게 뛰었다. 김성환 신한투자증권 연구원은 “소프트웨어 업종이 실적 시즌을 계기로 주도권을 확실히 차지했다”며 “이번 주에 예정된 소프트웨어·플랫폼 실적들이 호재로 적용할 것”이라고 했다. 또 전문가들은 미국의 동맹 파트너로서 언급되는 조선·방산·전력기기 업종도 살펴봐야 한다고 했다. 한편 다음 주에는 방산과 게임, 미디어컨텐츠, 소프트웨어 대표주의 실적 발표가 예정돼 있다. 한화오션, 한화에어로스페이스, 두산밥캣, 크래프톤, 엔씨소프트, 컴투스, CJ ENM, 스튜디오드래곤, 카카오 등이 실적을 내놓는다."
"[단독] 우리은행, 내부통제전문역 신설… 부당대출 파장에 대응책 마련",민서연 기자(조선비즈),조선일보,2025.02.09,"부당대출과 각종 금융사고가 불거진 우리은행이 올해 우선 목표로 내부통제를 강화한다. 지난달부터 지점장이 직접 금고관리에 참여하고 익명 신고시스템까지 도입한 데 이어 내부통제전문역이라는 직책을 신설해 수시감사에 나설 예정이다. 9일 조선비즈 취재를 종합하면 우리은행은 최근 내부통제전문역이라는 직책을 신설했다. 해당 직무를 담당할 인력은 은행 영업점의 업무 프로세스에 정통한 지점장급 연차의 직원으로 선별했다. 내부통제전문역은 본점 영업조직의 실질적 내부통제 활동을 전담한다. 영업점에서 자체적으로 수행되던 정기감사를 내부통제전문역이 제3자로서 수행함으로써 감사의 실효성과 전문성이 제고한다는 취지다. 구체적으로 영업현장에서 매월 실시하는 정기감사를 수행하고 내부통제지점장과 함께 수시점검을 실시한다. 관할 영업점 내부통제담당자를 대상으로 연수도 진행한다. 또한 영업본부별 특성에 기반한 점검 항목을 선정 및 점검하고 내부통제 관련 이상징후가 포착된 직원을 면담하고 교육하는 업무도 맡게 된다. 우리은행은 매월 전문역들의 준법감시활동 계획서 및 보고서를 제출하기로 했다. 우리은행의 사건 사고는 끊이지 않고 있다. 지난해에만 6월과 8월, 10월까지 세 차례에 걸쳐 300억원이 넘는 규모의 금융사고가 이어지며 신뢰에 심각한 타격을 입었다. 이와 함께 우리은행은 업무추진비도 최근 5대 시중은행 중 가장 많이 쓴 것으로 파악되면서 다시 한번 도마 위에 올랐다. 이는 2022년 우리은행 본점에서 700억원대 대규모 횡령 사건이 발생한 지 불과 2년 만이다. 특히 8월에 벌어진 금융사고는 손태승 전 우리금융지주 회장 친인척 관련 부당 대출 사고를 금융 당국에 알리지 않고 있다가 뒤늦게 공시해 논란이 컸다. 우리은행은 올해 내부통제를 기치로 내걸었다. 우선 지난달 31일부터 영업현장 내부통제 강화를 위해 지점장이 직접 금고관리에 참여하기로 했다. 지점장이 매월 첫 영업일에 금고를 열고 마지막 영업일에 금고를 닫는 데 참여하면서 직접 ▲금고 개·폐문 ▲금고 잠금장치 이상 유무 확인 ▲금고 내부 관리 상태 등 금고 업무 전반을 점검하는 것이다. 이와 함께 내부통제 전문업체인 레드휘슬이 제공하는 익명신고 시스템 ‘헬프라인’도 도입했다. 은행 직원이 해당 채널을 이용하면 아이피(IP) 추적이나 신원 노출에 대한 걱정 없이 내부 비위 등을 검사본부 소속 담당자에게 전할 수 있다. 검사본부 또한 이 채널을 통해 익명의 신고자에게 처리 결과를 통지할 수 있다. 정진완 우리은행장은 올해 초 취임사를 통해 내부통제를 강조했다. 취임사에서도 가장 먼저 ‘신뢰’를 언급한 정 행장은 “형식적이 아닌 ‘진짜 내부통제’가 되어야 신뢰가 두터워질 수 있다”며 “직원들이 불필요한 업무는 줄이고 고객에게 다가갈 수 있는 시간과 마음가짐을 가질 수 있도록 시스템과 업무 프로세스를 개선하겠다”고 강조했다."
'옵티머스 사태' 정영채 NH증권 전 대표 중징계 '취소'… 피해금 반환 소송 '촉각',연선옥 기자(조선비즈),조선일보,2025.02.08,"법원이 ‘옵티머스 펀드 사기’ 사태와 관련해 정영채 전 NH투자증권 대표에게 내린 금융 당국의 중징계를 취소해야 한다고 판결했다. NH투자증권은 옵티머스 사태로 금융 당국으로부터 정 전 대표에 대한 문책경고를 비롯해 4가지 제재를 받았다. 이 중 2가지 제재에 대해 행정소송을 냈는데 1심에서 모두 원고 승소했다. 이번 판결에 따라 NH투자증권이 하나은행과 한국예탁결제원을 상대로 낸 구상권 청구 소송에도 이목이 쏠린다. 옵티머스 펀드 최대 판매처인 NH투자증권은 개인 투자자들의 원금을 모두 반환했는데, 배상 책임을 옵티머스자산운용사와 수탁사인 하나은행, 사무관리사인 예탁결제원도 함께 부담해야 한다며 민사 소송을 제기한 상태다. 업계에서는 정 전 대표에 대한 판결에 따라 NH투자증권이 구상권 청구 소송에서도 유리한 위치를 점할 것으로 보고 있다. 서울행정법원 행정14부(송각엽 부장판사)는 지난 6일 정 전 대표가 금융위원회를 상대로 낸 문책경고 처분 취소 소송에서 원고 승소로 판결했다. 금융위는 지난 2023년 11월, 옵티머스 펀드 판매와 관련해 내부통제기준 마련 의무 위반 등을 사유로 정 전 대표에 대해 ‘문책경고’를 결정한 금융감독원 제재안을 확정했다. 문책경고는 연임과 3∼5년간 금융권 취업이 제한되는 중징계다. 앞서 법원은 금융위원회가 NH투자증권에 부당권유금지 위반을 이유로 업무 일부 정지 3개월, 담당 임원 인사 조치하도록 한 제재도 취소하라고 판단했다. 금융위는 항소한 상태다. 이와 별도로 NH투자증권은 하나은행과 예탁결제원을 상대로 법적 다툼을 이어가고 있다. 금융감독원 금융분쟁조정위원회가 결정한 투자금 반환에 대해 하나은행과 예탁원이 공동 책임을 져야 한다는 취지다. NH투자증권은 옵티머스자산운용이 끌어모은 투자금을 신탁업자인 하나은행이 보관·관리하고 투자자산을 취득·처분하는 과정에서 감시 의무를 소홀히 한 책임이 가볍지 않다고 보고 있다. 지난해 서울중앙지방법원은 옵티머스 펀드에 투자한 녹십자웰빙이 NH투자증권, 하나은행, 예탁결제원 등을 상대로 낸 부당이득금 청구 소송에서 NH투자증권과 하나은행, 예탁결제원이 함께 책임을 지고 배상해야 한다는 판결을 내렸다. 4327억원 규모 판매된 옵티머스 펀드는 2020년 6월 환매 중단됐다. 이후 금융분쟁조정위가 투자금 반환을 결정했고, NH투자증권이 투자자 보호를 위해 개인들에게 2780억원을 지급했다. 옵티머스자산운용은 지난 2019년 안전 자산으로 꼽히는 공공기관 매출채권에 95% 투자하는 펀드라며 허위 상품설명서를 꾸며 증권사들로부터 투자금을 유치했다. 하지만 이렇게 모은 자금을 실제로는 부동산 개발 사업, 대부업, 부실채권 인수 등에 사용했고, 막대한 피해가 발생했다."
"트럼프, '상호 관세' 부과 예고… '관세전쟁' 불씨 재점화",연선옥 기자(조선비즈),조선일보,2025.02.08,"도널드 트럼프 미국 대통령이 다수 국가를 상대로 ‘상호 관세(reciprocal tariff)’ 부과를 예고했다. 취임 직후 중국은 물론 동맹국인 캐나다와 멕시코, 유럽연합(EU)을 상대로 공격적인 관세 조치를 발표한 가운데 관세 전쟁의 전선을 더 넓힐 수 있다는 것을 시사한 것이다. 트럼프 대통령은 7일 이시바 시게루(石破茂) 일본 총리와 정상회담 후 기자회견에서 “각국이 우리에게 (관세를) 부과하는 만큼 우리도 동일한 수준으로 부과할 것”이라며 “10일이나 11일 이와 관련한 계획을 발표하겠다”고 했다. 상호 관세는 상대국이 부과하는 관세율에 맞춰 그 나라 상품에 동일한 수준으로 부과하는 관세로, 트럼프 대통령은 대선 공약으로 이를 언급했었다. 미국 뉴욕타임스는 트럼프의 발언에 대해 “새로운 무역 갈등을 촉발할 수 있는 조치가 될 수 있다”고 평가했다. 트럼프 대통령은 특정 국가를 언급하지 않았지만, “상호 관세를 통해 우리는 다른 국가와 대등(evenly)해질 수 있다”고 한 발언을 감안하면 모든 무역 상대국이 대상이 될 수 있다. 특히 우리나라는 미국에 대한 무역수지 흑자를 기록하고 있다. 국내 기업의 피해가 우려되는 대목이다. 이날 트럼프 대통령과 정상회담을 한 이시바 총리도 면전에서 관세 위협을 받았다. 트럼프 대통령은 “현재 일본과의 무역 적자는 1000억 달러 이상”이라며 “만성적인 무역 적자는 미국 경제를 저해하는 만큼 이를 신속하게 바로잡을 것”이라고 했다. 이시바 총리는 미국이 일본 수출품에 관세를 부과하면 일본이 이에 보복할 것인지 묻는 질문에 “이론적인 질문에는 답변할 수 없다”고 했다. 외국에서 생산되는 자동차에 대한 관세 조치도 언급됐다. 이날 트럼프 대통령은 “자동차 관세 문제도 테이블 위에 놓여 있다”고 했다. 전문가들은 트럼프 대통령이 특히 미국산 자동차에 대해 유럽 국가가 부과하고 있는 높은 수준의 관세를 바로 잡길 원한다는 분석을 내놓았다. 트럼프는 여러 차례 유럽으로 향하는 미국산 자동차는 10%의 세금이 붙는데, 이는 미국에 들어오는 자동차 세금(2.5%)보다 훨씬 높은 수준이라고 불평했다."
"""좁쌀이 대박쳤다"" … 테슬라 위협하는 中 샤오미의 질주",,조선일보,2025.02.08,"지난 2018년 7월, 주식시장에 데뷔한 첫날 열린 축하연에서 40대 창업자는 이렇게 호언장담했다. “상장 첫날 이 주식을 산 투자자에게 두 배의 수익을 안겨주겠다(让上市首日买入股票的投资人赚一倍).” 이 놀라운 발언을 한 주인공은 중국 IT 기업인 샤오미(小米)의 최고경영자(CEO) 레이쥔(雷军)이다. 그의 약속은 업계에서 큰 화제가 되었다. 아무리 기업 대표라고 해도 주가가 두 배 오른다고 공언하는 것은 결코 쉬운 일이 아니기 때문이다. 상장 당시 샤오미 공모가는 17홍콩달러였다. 과연 그는 대중과의 약속을 지켰을까? ✅연일 사상 최고치 행진하는 샤오미 레이쥔 CEO가 2010년 창업한 샤오미(小米)는 ‘좁쌀’이라는 뜻이지만, 최근 주가 흐름만 보면 ‘대미(大米)’라고 불러야 할 정도다. 7일 홍콩 주식시장에서 샤오미는 전날보다 4.7% 상승한 42.45홍콩달러에 마감했다. 역대 최고가다. 시가총액은 1조위안(약 199조4000억원)을 돌파했다. 최근 1년 동안의 주가 상승률은 무려 236%로, 한국인들이 좋아하는 미국의 주요 테크주(테슬라 93%, 엔비디아 85%, 애플 20%)와 비트코인(133%)을 압도한다. 모건스탠리 등 글로벌 투자은행(IB)들이 샤오미 전기차(SU7) 판매가 호조를 보일 것이라며 목표 주가를 상향 조정한 것이 영향을 미쳤다. 올해 샤오미 전기차 판매 목표는 30만대로, 작년 판매량(13만5000대)의 2배 이상이다. 레이쥔 CEO는 지난달 자신의 SNS에서 “샤오미 SU7의 12월 인도량은 2만5815대로, 테슬라 모델3(2만1046대)를 넘어섰다”고 밝히기도 했다. 새해 들어서도 샤오미 전기차 인기는 뜨겁다. “없어서 못 판다”는 말이 나올 정도로 강력한 판매 흐름을 이어가고 있다. 샤오미 SU7의 1월 인도량은 2만대를 넘어섰다. ✅글로벌 큰손도 앞다퉈 中 투자 한동안 자본시장에서는 큰손들의 ‘탈(脫)중국’ 흐름이 뚜렷했다. 미·중 갈등이 심화하면서 글로벌 투자자들은 중국 시장에서 발을 빼고 인도 등 다른 시장으로 눈을 돌렸다. 하지만 최근 들어 분위기가 달라지고 있다. 샤오미를 비롯한 중국 대표 IT 기업들이 가파른 성장세를 보이며, 다시금 글로벌 자금이 중국으로 유입되고 있다. 노르웨이 원유 자산을 운용하는 세계 최대 국부펀드인 GPFG(Government Pension Fund Global)가 최근 공개한 포트폴리오에 따르면, 지난해 GPFG는 샤오미·텐센트·알리바바 등 중국 IT 기업 보유 비율을 크게 늘렸다. 한국인들의 샤오미 사랑도 뜨겁게 달아오르고 있다. 1년 전만 해도 샤오미는 보관 금액 기준으로 홍콩 주식 중 12위에 그쳤지만, 현재는 7위로 상승했다. 보관 금액 또한 1년 전 2594만 달러에서 현재 4932만 달러(약 718억 원)로 크게 증가했다. ✅첫 SUV 전기차 YU7 출시 기대감 ‘아이폰 짝퉁’을 만들겠다고 스스럼없이 밝히며 중저가 스마트폰 시장에서 출발한 샤오미는 애플조차 이루지 못한 성과를 거두며 전기차 시장에서 가속 페달을 밟고 있다. 2021년 전기차 시장 진출을 선언한 지 3년 만인 지난해, 샤오미는 첫 전기차 모델인 대형 세단 SU7을 출시했다. 전기차 개발 노하우를 쌓은 샤오미는 올해 첫 SUV 모델인 YU7을 선보일 예정이다. 샤오미가 전기차 시장 진출을 선언했을 당시, 시장의 반응은 냉담했다. “스마트폰 사업이나 계속하지, 왜 새로운 걸 하느냐”며 전망이 불확실하다는 평가가 지배적이었다. 주가도 곤두박질쳤다. 하지만 지금은 상황이 완전히 달라졌다. 세계 최대 전기차 업체인 테슬라조차 ‘좁쌀 도전’에 위협을 느낄 정도로 샤오미의 전기차 시장 영향력이 커지고 있다. 테슬라는 14억 인구 중국 땅에서 판매 감소 압박 속에 이례적인 할인 판매에 나서고 있다. 7일 로이터 보도에 따르면, 지난달 테슬라 중국산 전기 자동차 판매량은 전년 동월 대비 11.5% 감소한 6만3000여 대를 기록했다. 한편, 샤오미는 지난달 한국 법인 ‘샤오미코리아’를 설립하고 국내 시장 진출을 본격화했다. 공식 온라인몰 등을 통해 국내에 프리미엄 스마트폰과 초대형 TV, 로봇 청소기 등을 출시할 예정이다."
"뉴욕증시, 트럼프 관세 발표 예고에 '뚝'…테슬라 3.4% 하락",권유정 기자(조선비즈),조선일보,2025.02.08,"뉴욕증시가 7일(현지 시각) 하락 마감했다. 도널드 트럼프 미국 대통령이 다시 관세 카드를 꺼내든 가운데 물가 상승 우려까지 맞물렸다. 이날 뉴욕증시에서 다우존스30산업평균지수는 전장보다 444.23포인트(-0.99%) 하락한 4만4303.40에 거래를 마쳤다. 스탠더드앤드푸어스(S&P) 500 지수는 57.58포인트(-0.95%) 떨어진 6025.99에, 기술주 중심의 나스닥 지수는 268.59포인트(-1.36%) 하락한 1만9523.40에 각각 마감했다. 이날 주요 지수는 트럼프 대통령이 다수 국가를 상대로 상호관세(reciprocal tariffs)를 부과하는 계획을 발표하겠다고 밝히면서 낙폭을 키웠다. 트럼프 대통령은 이시바 시게루 일본 총리와 정상회담 자리에서 “오는 10~11일 회의 뒤 상호관세 부과 계획을 발표하겠다”고 했다. 이미 트럼프 대통령 발언 전부터 증시는 1월 고용 동향과 물가 상승 압박 속에 불안한 흐름을 이어갔다. 미 노동부에 따르면 1월 미국 비농업 일자리는 전월대비 14만3000명 증가했다. 실업률은 4.0%로 전월(4.1%)보다 낮아졌고, 전문가 예상치(4.1%)도 하회했다. 전기차를 중심으로 주요 기술주는 일제히 하락했다. 테슬라는 3.39% 급락한 361.62달러에 마감했다. 유럽에 이어 중국 판매가 감소했다는 소식이 투자 심리 악화로 이어졌다. 리비안, 루시드도 2% 이상 하락했다. 파산 위기를 맞은 니콜라의 경우 41% 이상 급락한 44센트에 거래를 마쳤다. 전날 월스트리트저널(WSJ)은 회사 소식통을 인용해, 니콜라가 곧 파산을 신청할 예정이라고 보도했다. 국제유가는 사흘 만에 반등했지만, 관세 전쟁 우려로 상승폭은 제한됐다. 3월물 서부텍사스산원유(WTI)는 배럴당 0.39달러(0.55%) 상승한 71달러를 기록했다. 브렌트유의 경우 4월 인도분이 0.37달러(0.5%) 오른 배럴당 74.66달러를 기록했다."
서학개미는 언제 투자할까… 한밤중보다 점점 더 프리마켓 선호,권오은 기자(조선비즈),조선일보,2025.02.08,"토스증권에서 미국 주식을 거래하는 서학개미(미국 주식 개인 투자자)들은 이달 3일 오후 6시 프리마켓(Per-Market)이 열리자 분주히 거래에 나섰다. 이날 프리마켓 거래량은 하루 전체 거래량의 43.7%에 달했다. 정규장 거래 비중(52.6%)과 맞먹는 수준이었다. 도널드 트럼프 미국 대통령이 캐나다와 멕시코, 중국 등에 관세를 부과하는 내용의 행정명령에 서명한 직후 첫 거래일이었던 만큼, 발 빠르게 움직인 투자자가 많았던 것으로 보인다. 서학개미들의 프리마켓 거래가 증가세다. 밤사이 이어지는 미국 증시 정규장 거래 비중과 프리마켓 거래 비중 차이가 좁혀지고 있다. 불확실성이 커진 상황에서 더 부지런히 움직이는 투자자가 늘고 있다는 의미다. 미국 주식 주간 거래가 지난해 8월 이후 중단된 영향도 있는 것으로 보인다. 8일 토스증권에 따르면 한국 시각으로 오후 6시부터 오후 11시30분(서머타임 적용 시 오후 5시~10시 30분)까지 열리는 프리마켓 때 거래하는 고객 비중이 꾸준히 늘고 있다. 2023년 26.7%에서 지난해 평균 32.3%로 증가했고, 올해 1월 평균 41.2%까지 더 늘었다. 모든 연령대에서 증가세다. 2023년과 2024년 프리마켓 거래 비중을 살펴보면 ▲20대 27% → 34% ▲30대 25% → 31%▲40대 27% → 31% ▲28% → 32% ▲27% → 33% 등으로 각각 늘었다. 한국 시각으로 오전 6시부터 8시(서머타임 적용 시 오전 5~7시)까지 열리는 애프터마켓(After-Market) 거래 비중이 5% 미만에 머물고 있는 점을 고려할 때 프리마켓의 거래 비중 증가 폭이 두드러진다. 이유는 복합적이다. 시장의 영향을 크게 미치는 주식시장에 큰 영향을 미치는 소비자물가지수(CPI)나 개인소비지출(PCE), 고용보고서 등이 정규장이 열리기 전에 나온다. 서학개미로선 지표를 확인하고 먼저 프리마켓에서 대응하는 것이 유리하다. 트럼프 대통령이 지난해 11월 대통령 선거에서 이긴 것도 프리마켓 수요의 배경으로 꼽힌다. 트럼프 대통령은 공식 발표뿐만 아니라 자신의 소셜미디어(SNS) 트루스소셜을 통해서 시간을 가리지 않고 적극적으로 의견을 내기 때문이다. 미국 주식 주간 거래가 중단되면서 프리마켓 의존도가 높아진 측면도 있다. 국내 투자자도 한국 시각으로 오전 10시부터 오후 6시(서머타임 적용 시 오전 9시~오후 5시)까지 열리는 데이마켓(Day-Market)에서 미국 주식을 사고팔 수 있었다. 하지만 지난해 8월 5일 아시아 증시가 일제히 폭락한 ‘검은 월요일’ 때 사고가 터졌다. 주간 거래를 중개하는 미국 대체거래소(ATS) 블루오션이 주문량이 폭증하자 모든 주문을 중단했고, 한국 시각 기준 오후 2시 45분부터 4시 15분 사이에 들어온 거래를 취소했다. 금융당국을 통해 집계된 취소 거래 규모는 6300억원에 달했다. 토스증권 관계자는 “주간 거래 중단만으로 프리마켓 거래 비중이 증가한 이유를 설명할 수는 없겠지만, 한밤중이 아닐 때도 거래하고자 하는 고객 수요가 있다는 점은 분명해 보인다”고 했다. 주간 거래 중단은 이어지고 있다. 블루오션 최고경영자(CEO)가 최근 한국을 찾아 국내 증권사를 잇따라 만나 재발 방지 대책을 세웠다고 설명하긴 했지만, 증권사별로 온도 차가 있어 주간 거래가 언제 재개될지는 불분명하다. 그전까지는 서학개미들이 프리마켓에서 대응을 이어갈 것으로 보인다. 한국 주식과 미국 주식에 모두 투자하는 투자자는 앞으로 하루 종일 증시에 참여할 수 있게 될 전망이다. 국내 첫 대체거래소(ATS) 넥스트레이드가 다음 달 4일 출범하기 때문이다. 넥스트레이드는 한국거래소와 공통으로 운영하는 정규장뿐만 아니라 프리·애프터마켓도 연다. 오전 8시부터 오후 8시까지 12시간 동안 한국 증시가 열린다."
내달 출시 '5년 만기' 개인용 국채… 만기 줄이고 중도환매 개선한다고 많이 팔릴까,조은서 기자(조선비즈),조선일보,2025.02.08,"이달 한국은행이 기준금리를 인하할 것이라는 전망이 힘을 얻는 가운데 다음달부터 5년물 개인투자용 국채가 발행된다. 정부는 국민의 장기 자산 형성을 위해 기존 10년물, 20년물보다 만기가 짧은 5년물 국채를 출시하고, 최대 2억원(매입액 기준)까지 분리과세한다는 방침이다. 하지만 여전히 투자 유인이 부족해 흥행할지는 미지수다. 전문가들은 세제 혜택 확대 등 적극적인 지원이 필요하다고 봤다. 강성진 고려대 경제학과 교수는 “개인 투자자를 유치하려면 은행 예·적금과 비교해 수익률이 높아야 한다”며 “세제 혜택을 확대해 최종 수익률을 높여야 한다”고 말했다. 8일 기획재정부에 따르면 내달부터 5년물 개인용 국채가 발행된다. 당초 정부는 개인용 국채를 10년물과 20년물만 발행했으나 개인 투자자들의 장기 투자 부담으로 판매 실적이 저조하자 5년물을 추가했다. 미래에셋증권이 단독 판매사다. 앞서 발행된 10년, 20년물 개인용 국채는 모집 물량을 채우지 못하는 등 판매실적이 저조했다. 만기에 원금과 이자를 한꺼번에 받기 때문에 투자 기간이 비교적 길고, 수익률도 충분히 높지 않다는 평가가 나왔다. 지난해 12월에는 개인 대상 발행이 중단돼 그간 발행되지 못한 물량 2600억원은 기관 투자자에 넘어갔다. 정부는 만기가 짧은 5년물 국채를 발행해 개인의 투자를 유도한다는 방침이다. 특히 정부는 이달 조세특례제한법 시행령을 개정해 새로 출시될 5년물 개인용 국채도 개인당 매입한도 2억원 이하의 국채 이자소득에 대해 분리과세(14%)를 적용하기로 했다. 개정된 시행령은 개인용 국채에 대한 과세특례 적용 대상을 기존 10년물에서 5년물 이상으로 확대하는 내용을 담았다. 기재부 관계자는 “입법 예고는 이날(5일)까지”라며 “시행령 개정 결과는 이달 공포될 것”이라고 했다. 정재익 미래에셋증권 국채TF 수석은 ”지난 10년, 20년물 국채는 기관과 법인이 아닌 개인에게는 다소 부담스러웠다”며 “특히 60대 이상의 노령 투자자는 초장기채에 투자할 유인이 없다”고 말했다. 그는 “분리과세와 복리 혜택까지 적용되는 5년 만기 국채가 나오면 개인의 투자 접근성이 확대될 것”이라고 덧붙였다. 기재부는 전반적인 투자 절차도 개선했다. 우선 1인당 1억원이던 연간 구매한도가 2억원으로 늘었다. 또 투자자들이 지적한 중도환매 불확실성을 줄이기 위해 월별 중도환매 한도금액 조정도 가능하도록 했다. 이전 규정상으로는 국채 구매자가 중도환매를 받으려면 월별 중도환매 한도 내에서 선착순 경쟁을 해야 했다. 중도환매가 될지 안될지 알 수 없었던 것이다. 기재부는 중도환매가 시작되는 올해 7월부터 중도환매 신청 액수에 따라 한도금액을 조정할 예정이다. 기재부는 국채 자동청약 서비스를 도입하고, 청약 기간과 마감 시간을 각각 3일에서 5일, 오후 3시 30분에서 4시로 연장했다. 다만 일각에서는 제도 개선에도 투자자들을 끌어들이기엔 부족하다는 지적이 나온다. 우리나라와 미국의 금리 인하 기조가 이어지면서 국채 수익률이 낮아지고 있기 때문이다. 작년 6월 출시 당시 개인용 국채 만기수익률은 10년물 44%, 20년물 108%였지만 지난달 31일 기준 10년물 37%, 20년물 90%로 하락했다."
"4대 은행, 이자로 한해 34兆 쓸어 담았다… 대출 늘려 역대 최대 이익",오은선 기자(조선비즈),조선일보,2025.02.08,"4대 시중은행(KB국민·신한·하나·우리은행)이 지난해 34조원이 넘는 이자이익을 거뒀다. KB국민은행은 이자로만 10조원을 넘게 벌어들였다. 지난해 대출 수요가 폭증하면서 순이자마진(NIM) 하락에도 역대급 이익을 달성한 것인데, 은행들은 올해도 이자장사 논란을 피할 수 없을 것으로 보인다. 8일 은행권에 따르면 지난해 4대 은행의 이자이익은 총 34조3616억원으로 전년 33조6262억원보다 2.1% 증가했다. 이자이익 증가에 힘입어 4대 은행의 당기순이익은 13조3430억원으로 전년 12조3114억원보다 8.38% 증가했다. 역대 최고 수준이다. 이자이익은 은행별로 국민은행이 10조2239억원으로 가장 많았고 신한은행 8조8370억원, 하나은행 7조7385억원, 우리은행이 7조5622억원 순이었다. 전년 대비 증가율 순으로는 신한은행이 5.2%로 가장 많았고, 국민은행은 3.6%, 우리은행이 1.7% 증가했다. 하나은행은 2.26% 감소했다. 금리 인하기에도 은행들의 이자이익이 크게 성장한 이유는 지난해 대출 자산이 급증했기 때문이다. 신한은행, 국민은행, 하나은행의 지난해 가계대출 증가액은 목표치보다 각각 8363억원(27.4%), 1368억원(4.1%), 1조6886억원(60.6%)을 초과했다. 우리은행은 목표치보다 1조3375억원을 초과해 7배를 웃도는 1조5584억원을 달성했다. 은행별 가계대출과 기업대출은 국민은행이 각각 6.2%, 6.6% 확대됐고, 신한은행은 7.6%, 12.5% 늘어났다. 하나은행은 5.9%, 2.6% 증가했고 우리은행은 5.9%, 9.0% 확대됐다. 금융 당국은 지난해 가계대출 증가율을 명목 국내총생산(GDP) 성장률 내에서 관리하도록 주문했다. 올해 명목GDP 성장률 전망치는 3.8% 수준이었는데, 이를 고려하면 시중은행의 가계대출 증가율은 올해도 큰 폭으로 확대됐다. 가계대출은 은행이 시행하는 대출 중에서도 이익이 큰 분야다. 지난해는 기준금리 인하로 순이자마진(NIM)이 낮아졌는데도 대출 확대로 이자이익이 역대 최대 수준에 달했다. NIM은 금융기관이 대출 등으로 얻은 이자수익에서 예금 등 조달비용을 차감한 뒤 남은 이익을 나타내는 지표로, 은행의 수익력을 평가하는 데 있어 중요한 지표 중 하나다. 시장금리 하락에 따라 NIM은 떨어진 와중에 이자이익이 확대됐다는 것은 대출 전체 자산이 늘어난 영향과 더불어 조달비용 감소 등 은행들의 적극적인 수익성 관리가 효과를 봤다는 의미다. 각 시중은행들의 NIM은 국민은행이 1.78%로 전년 대비 0.05%포인트 하락, 신한은행이 1.58%로 전년 대비 0.04%포인트 낮아졌다. 우리은행과 하나은행은 각각 1.44%, 1.47%로 모두 0.12%포인트 하락했다. 은행들이 줄줄이 지난해 역대 최대 순이익 달성을 발표하면서 이자 장사로 자신들의 배만 불리고 있다는 비판을 피할 수 없을 것으로 보인다. 2023년 역대 최대 이자이익을 달성했을 당시 은행권에서는 “이자 상승기가 사실상 마무리 됐기 때문에 2024년에는 분위기가 바뀔 것으로 전망된다”고 했지만, 은행들은 올해 가계대출 관리라는 명목하에 가산금리를 내리지 않으면서 예대금리(대출과 예금금리 차이)차는 더욱 커졌다. 은행연합회 집계 결과 지난해 12월 기준 4대 은행의 신규 예대금리차는 평균 1.46%포인트로 4개월 연속 확대됐다. 5대 은행의 12개월 만기 정기예금의 평균 금리는 기본금리 기준 2.7% 수준으로 2%대로 내려왔는데, 대출금리는 제자리걸음을 계속하고 있다. 김병환 금융위원장 역시 지난달 22일 “지난해 기준금리를 두 차례 인하했음에도 가산금리 인하 속도나 폭이 충분히 반영되지 않은 측면이 있다”며 “은행이 새해 기준금리가 떨어진 부분을 반영해야 할 시기라고 생각한다”고 말하며 은행권을 비판하기도 했다."
감사 시즌마다 불거지는 회계법인 고강도 노동 논란… 국민청원까지 올라와,정민하 기자(조선비즈),조선일보,2025.02.08,"“이 시기엔 기본 새벽 2시까진 일하고, 3~4시 퇴근은 다반사다.” “어떤 신입은 어느 날 갑자기 그냥 책상에 노트북만 올려놓은 뒤 무단결근하더라.” “겨울마다 바쁜 탓에 미용실을 못 갔는데, 미용사분이 스키장에서 일한다고 생각하고 계셔서 웃펐다(웃기다+슬프다).” 회계 감사 성수기(매년 1월부터 3월)를 맞아 회계사들이 고강도 노동으로 인한 고통을 호소하고 있다. 주 52시간 근무제 도입 이후 처음으로 노동조합이 생기는 등 개선의 움직임이 있었지만, 일부 회계법인이 ‘꼼수’를 벌이고 있다며 반발하는 목소리가 나오고 있다. 8일 회계업계에 따르면 지난 1일 ‘회계법인의 불합리한 노동 착취 근절 및 근로기준법 준수 요구에 관한 청원’이라는 제목의 국민동의 청원서가 국회전자청원에 등록됐다. 이 글은 올라온 지 사흘 만에 100명 찬성을 얻어 청원요건을 충족했다. 국민동의청원은 30일 이내 100명이 찬성하면 7일 이내 청원요건을 검토해 공개하는데 사전 요건을 3일 만에 충족한 것이다. 청원 내용에 따르면 일부 회계법인은 회계사의 근로 시간 입력을 임의로 통제하거나 축소하게 강요하는 등 방식으로 노동을 착취하는 ‘타임통제’ 시스템을 운영하고 있다. 주 52시간 초과 근무를 월 단위로 정산해 법적 의무를 회피하는 경우도 있다. 심지어 회계사가 실제 근무시간을 입력하면 성과 평가에서 불이익을 받는 곳도 있다는 것이 청원인의 주장이었다. 또 연차를 강제로 사용하게 한 후에도 업무를 맡도록 한다는 고발이 나왔다. 회계법인들도 어느 정도는 이런 일이 벌어진다는 것을 인정한다. 하지만 업종 특성상 어쩔 수 없다는 입장을 피력하고 있다. 대다수 회사가 3월 말 감사보고서를 제출하다 보니 1~3월엔 회계사들의 재무제표 감사 업무가 집중될 수밖에 없어서다. 한 대형 회계법인에서 일하는 회계사는 “이 시즌만 되면 직장인 익명 커뮤니티 블라인드에는 회계사 애인을 두고 ‘하루 종일 연락이 안 된다’, ‘사무실 앞으로 가야만 만날 수 있다’ 등의 고민이 담긴 글이 올라온다”면서 “나갔던 필드(거래처), 나와 있는 필드, 그리고 앞으로 나갈 필드에서 동시에 연락이 오기에 일이 끊임없이 쌓인다”고 토로했다. 전국사무금융서비스노동조합과 청년공인회계사회가 2018년 주 52시간 근무제 도입을 앞두고 회계사 600명을 대상으로 조사한 결과, 이 기간 한 주 평균 노동시간이 80시간을 초과하는 비율은 55.7%에 달했다. 40시간~52시간은 2.2%에 불과했다. 또 회계법인 입사 후 3~5년차(시니어 직급)인 상대적 저연차 직급의 노동 강도가 더 높았다. 한 회계법인 관계자는 “주 52시간 근무제도가 도입됐어도 일감은 그대로이기에 여전히 많은 회계사가 과로에 시달리고 있다”고 했다. 그는 “초과 근무분은 휴가나 수당으로 받을 순 있지만 회사 눈치가 보이는 건 사실”이라며 “일이 쌓여 있어도 회사에서 사실상 강제로 연차를 쓰게 해서 제대로 쉬지도 못하고 잔업을 하기 부지기수”라고 했다. 물론 일각에선 주 52시간 근무제 시행 이전보단 업무 환경이 좋아졌다는 이야기가 나온다. 한 회계법인 고위 관계자는 “신외감법, 주 52시간 근무제, 표준감사시간제 등이 도입되면서 회계사 워라밸(일과 삶의 균형)이 좋아지고 연봉도 함께 높아졌다”면서 “고연차 입장에선 오히려 저연차 직원들에게 부담을 안 주려고 일을 더 떠안고 있다”고 했다. 다만 비현실적인 업무 강도와 관련한 환경 개선이 필요하다는 의견은 계속 나온다. 특히 상대적으로 권리를 주장하기 힘든 저연차 직원들에 대한 불법적인 행위는 막아야 한다는 게 현장의 목소리다. 2024년 4월만 해도 빅4 중 하나인 EY한영 회계법인은 인턴들에게 주당 최대 90시간의 장시간 노동을 시키고도 초과수당을 지급하지 않아 고용노동부의 시정명령을 받았다. 한영회계법인은 전환형 인턴을 채용하면서 근로계약서에 ‘소정 근무시간 주 40시간’, ‘연장·야간·휴일근로 수당은 50% 가산’ 등을 명시해 놓고 실제로는 주 70∼90시간의 근무를 지시하면서 초과수당을 전혀 주지 않았다."
"[주간코인시황] '관세 전쟁' 속 리스크 확대… ""당분간 보수적 전략 필요""",이학준 기자(조선비즈),조선일보,2025.02.08,"2월 3~7일 가상자산 시장은 미국발(發) 글로벌 관세 전쟁에 대한 긴장 등으로 하락세를 보였다. 도널드 트럼프 미국 대통령이 캐나다·멕시코·중국에 대한 관세 부과 선언에 따른 인플레이션 우려로 금융 시장과 가상자산 시장이 동반 하락한 것이다. 전문가들은 관세 부과에 대한 구체적인 방향이 정해지지 않은 만큼 당분간 변동성은 계속될 것으로 전망했다. 지난 7일 오후 4시 40분 기준 비트코인 가격은 일주일 전보다 7.23% 하락한 개당 9만6897달러에 거래됐다. 비트코인 가격은 트럼프 대통령이 관세 부과를 선언한 뒤 9만1000달러까지 급락했고, 다시 관세 부과를 유예하겠다는 발표가 나오면서 10만달러를 회복했다. 하지만 지난 4일 다시 10만달러 밑으로 떨어져 9만6000달러에서 횡보하고 있다. 알트코인의 변동성은 비트코인보다 컸다. 비슷한 시각 이더리움 가격은 일주일 전보다 16.6% 하락한 2713달러를 기록했다. 리플은 일주일 동안 25.3% 하락하며 가상자산 시가총액 3위 자리를 테더에 내줬다. 같은 기간 솔라나는 18.7% 하락한 192.7달러, 비앤비(BNB)는 14.3% 하락한 581.8달러를 기록했다. 트럼프 2기 행정부가 관세 부과를 유예했지만, 중국산 수입품 전반에 10% 추가 보편 관세를 부과했다. 중국은 세계무역기구(WTO)에 미국의 관세 부과가 관세와 무역에 관한 일반협정(GATT) 조항에 위배된다며 분쟁 협의를 요청했다. 캐나다·멕시코도 미국이 관세를 부과하면 ‘보복 관세’로 맞불을 놓겠다는 입장이다. 미국이 다시 관세를 부과하겠다고 나서면 관세 전쟁은 언제든 시작될 수 있다. 전문가들은 관세 전쟁 우려가 당분간 계속되는 만큼, 변동성 확대에 주의해야 한다고 당부했다. 최승호 쟁글 연구원은 “트럼프 2기 행정부의 관세 정책이 글로벌 경기 둔화와 인플레이션 리스크를 동시에 자극하며 가상자산 시장의 투자 심리를 위축시키고 있다”라며 “당분간 시장의 방향성이 드러나기 전까지 보수적인 포트폴리오 전략이 필요하다”라고 조언했다. 최 연구원은 오는 10일 중국의 보복 관세 시행 여부와 미·중 정상 간 협상 진행 상황이 중요 변곡점이 될 것으로 전망했다. ◇ 美 SEC, 리플·솔라나·라이트코인 ETF 승인 절차 개시 미국 증권거래위원회(SEC)가 리플 현물 상장지수펀드(ETF) 관련 서류를 접수하는 한편 라이트코인과 솔라나 현물 ETF 승인 절차를 공식 시작하면서 투자자들의 관심을 받고 있다. SEC는 솔라나 기반 ETF 신청을 거부해 왔다. 새로운 SEC 지도부 아래 가상자산 ETF 시장이 성장한다는 전망이 나오는 이유다. ETF 승인 여부는 올해 10월까지 결정될 예정이다. 앞서 SEC는 가상자산 규제 명확성을 위한 태스크포스를 출범했다. SEC 위원인 해스터 피어스는 새로운 규제 기조를 발표하고, 가상자산의 법적 지위와 SEC 관할권 문제 해결을 최우선 과제를 삼겠다고 밝혔다. 시장에선 SEC의 행보를 가상자산 시장 전반의 제도적 틀을 마련하는 움직임으로 해석하고 있다. 다만 쟁글 관계자는 “접수 자체가 승인으로 직결되는 것은 아니다”라며 “최종 결정까지 SEC의 입장 변화와 시장 반응을 면밀히 살펴볼 필요가 있다”라고 했다. ◇ 美 의회, 가상자산 정책 실무그룹 출범 미국 연방의회가 가상자산 진흥과 규제 체계 확립을 위해 양당 의원들이 참여하는 실무그룹을 출범했다. 관련 기자회견에는 백악관 가상자산·인공지능 정책 총책임자로 일명 ‘크립토 차르’로 불리는 데이비드 삭스가 참여해 정부 차원의 협력을 시사했다. 삭스는 최근 기자회견에서 양원 가상자산 의원단 구성과 스테이블코인 법안 입법, 비트코인 국가 준비금 검토 등 주요 정책 방향을 제시한 바 있다. 이번 실무그룹 출범은 첫 번째 정책인 양원 가상자산 의원단 구성을 실행에 옮긴 사례로 평가된다. 시장은 이번 조치로 가상자산 산업에 대한 명확한 법적 기반이 생기고, 가상자산의 제도권 편입을 가속화하는 계기가 될 것으로 기대하고 있다. 다만, 정책 방향이 산업 성장 촉진과 규제 강화 중 어느 쪽으로 기울어질지에 따라 시장 반응은 엇갈릴 가능성이 크다. ☞크로스앵글(CrossAngle)은 Web3를 채택하는 회사 및 재단 대상으로 온체인 데이터 기반 필수 운영 설루션 및 신뢰 기반 커뮤니티 구축 서비스를 제공한다. 크립토 데이터 인텔리전스 플랫폼 쟁글을 운영 중이며 쟁글 리서치팀은 글로벌 가상자산 정보와 데이터를 기반으로 한 가상자산 투자 산업의 트렌드를 보여주기 위해 콘텐츠를 만들고 있다."
"세계의 병자로 전락하는 유럽 ""유통기한 다 된 음식까지 찾아다닌다 """,,조선일보,2025.02.08,"유럽의 위기가 계속되고 있다. 미국이 강한 증시 흐름과 견조한 경제 성장세를 이어가는 반면, 유럽은 지지부진하다. 유럽연합(EU) 통계기구 유로스타트 따르면 작년 유료화를 사용하는 20개국인 유로존의 경제 성장률은 0.7%로 집계됐다. ‘유럽의 성장엔진’에서 ‘유럽의 병자’가 된 독일은 -0.2%로 2년 연속 역성장했다. 2.8%를 기록한 미국과 대조된다. 미국보다 뒤처진 유럽의 상황은 어떤지, 유럽이 쉽사리 경제회복을 하지 못하는 이유는 무엇인지 8일(토) 조선일보 머니를 통해 공개된 영상에서 확인할 수 있다. 조선일보 위클리비즈팀 홍준기 기자가 진행자로 나섰다. 작년 4월 조선일보 머니에서 유료 멤버십 회원을 대상으로 공개했던 ‘위클리비즈 특집편 3부’ 영상인데, 업로드 한 지 상당한 시간이 흘러 구독자 대상으로 전체 공개했다. 유럽인은 우크라이나 전쟁과 코로나 감염병 사태 이후 고물가 상황에서 어려움을 겪고 있다. 유럽이 아닌 미국에서 취직하려는 젊은이가 늘고 있고 주요 외신 기사를 보면 유럽인이 과거에 비해 곤궁함을 느끼고 있음을 알 수 있다. 홍 기자는 “독일에서는 육류 소비가 가장 낮은 수준으로 줄었고, 유통기한이 다된 할인 식품을 찾아나서는 이들이 많다”며 “스페인 대표 휴양지 마요르카에도 유럽인보다는 미국인이 늘었다”고 했다. 먹고 살기가 팍팍해진 유럽에선 극우 세력이 주류가 됐다. 홍 기자는 “독일은 과거 나치의 기억 때문에 극단주의자가 판치기 어려운 나라라고 여겼는데, 인종주의적인 정치세력이 등장해 인기를 얻고 있다”며 “그만큼 경제적으로 어렵다는 뜻”이라고 설명했다. 이밖에 보다 자세한 내용은 영상을 통해 확인할 수 있다. ▶네이버 등 포털사이트에서 영상을 보시려면 다음 링크를 복사해서 접속해 보세요. https://youtu.be/RHky36D2KFY"
